,MoB,MoG,MoR,MeB,MeG,MeR,sdtB,stdG,stdR,MoB2,MoG2,MoR2,MeB2,MeG2,MeR2,sdtB2,stdG2,stdR2,hu1,hu2,hu3,hu4,hu5,hu6,hu7,Ncont,MinArea,MaxArea,ContConv,MinPer,MaxPeri,type,var2,var3,var
1,11.0,43.0,20.0,15.609934630375271,52.55173984559117,28.917639106356365,10.831466119141547,14.156018356948342,14.660466627413944,33.0,118.0,113.0,41.27480581720819,119.20324050543917,113.50875818218834,13.545328665932555,2.281940007946395,4.057275535195635,0.002036140175578208,3.8964894721830876e-07,1.9758911212659614e-09,4.603442628601841e-10,-4.077933212689114e-19,-2.3146263021278413e-13,1.6267168153015957e-19,10.0,1680.0,2.0,3.0,5.656854152679443,25850.065742254257,1.0,,,
2,15.0,71.0,34.0,20.31314519691726,78.43899537776362,42.6080004808,12.577629170993902,15.735803474321875,15.63145255235152,53.0,112.0,102.0,61.08633560152295,114.7895797527002,104.9919013298491,14.730574850281528,2.74439739066808,5.078848441991852,0.001944663649661092,1.6189891400328976e-07,2.3008641251544403e-09,5.549066571486265e-10,-6.699813034828565e-20,-1.3546440735904988e-13,6.234215741253716e-19,20.0,2416.0,0.5,4.0,5.656854152679443,34499.55322253704,1.0,,,
3,11.0,57.0,30.0,16.117764426057647,64.699429890318,36.972668271127596,11.728563015359533,15.078705613115899,14.88242216917099,45.0,117.0,107.0,50.86631237952452,118.06767621828185,108.38220246079968,14.151375748298838,2.0609852863667437,5.023452116278517,0.0018904667282924168,6.381743308322642e-09,8.479673757071908e-11,2.963300374976327e-10,4.67446751092184e-20,1.5268719015055954e-14,-4.631061330353848e-21,23.0,274292.5,12.0,4.0,39.071067690849304,10050.748944997787,1.0,,,
4,10.0,63.0,28.0,14.750943856794143,70.362788383301,36.79555736371034,11.723097784835698,14.500891514049417,14.69837849530662,46.0,114.0,106.0,53.977381235526074,115.73435876572573,105.86519684546536,13.826917339519564,1.9984629625421826,4.404476872213619,0.0015057833102714207,1.3286238066071692e-07,5.506063268662531e-10,7.395988546897424e-11,-6.774614806724944e-21,1.3517972999319283e-14,1.3298903664437922e-20,6.0,1632.5,2.0,0.0,232.7695516347885,22558.65326988697,1.0,,,
5,7.0,48.0,22.0,12.920143349135156,52.92700392756064,28.62240468897238,10.598902366183147,13.783047689607582,13.041981670614701,36.0,118.0,113.0,41.08995632205515,119.11796740502236,112.10053880444379,12.87481419384511,1.7997154046204065,3.6891804086920437,0.0016900598552617935,5.2972181377241713e-11,4.785276841759444e-10,7.139691986519961e-11,1.1240580237247296e-20,5.192093290684144e-16,-6.914346338217682e-21,2.0,1564.5,1141.0,0.0,21270.147796988487,24815.062433838844,1.0,,,
6,15.0,71.0,34.0,20.239476840532706,74.92743083032005,39.92003214966271,11.651255973886302,11.220574104454007,12.454426160949833,54.0,113.0,105.0,58.213245235214174,114.97343128453161,106.58386235970008,11.223963546721047,2.1220724007719087,3.345037533920623,0.0015567004217279148,7.922556246583321e-09,2.4030584422775154e-10,1.244236702634769e-10,2.1505781093471387e-20,5.3007118692694996e-15,-6.218083627769552e-22,5.0,533.5,17.0,0.0,737.5878738164902,14307.055159211159,1.0,,,
7,17.0,58.0,31.0,21.05210810763924,66.8946388018014,38.98901477797795,11.879448076919278,16.181153849043945,14.090948439813696,46.0,117.0,111.0,53.31865655337372,117.78369635399923,109.78606221832852,14.607135772682259,2.3629361565636096,4.550661502462918,0.001411776938771191,7.948221833218423e-08,2.1531088761364182e-10,8.664164503956252e-11,-9.974891081275242e-21,6.72568011971748e-15,6.367071508427331e-21,12.0,4951.0,4.5,1.0,2.0,23527.950394630432,1.0,,,
8,11.0,59.0,29.0,15.903081351822905,65.38180821505874,37.30513746581757,11.80376404677867,15.740255096575074,15.248683843796687,45.0,117.0,106.0,51.338552763882056,117.96724062861206,107.99834483449911,14.673300590172346,2.202937574970498,4.961974331631442,0.0019037874732058635,9.328162381407405e-09,7.148573609865063e-11,2.900115993092982e-10,4.130696668264774e-20,-1.5738063580545197e-14,6.116316945114932e-21,18.0,213695.0,14.5,1.0,43.45584332942963,10838.03235590458,1.0,,,
9,19.0,73.0,40.0,23.619593753378535,77.6113329657037,47.30688462435481,13.463645098578835,13.230484315251749,14.640946163885266,56.0,115.0,104.0,62.401877223031754,117.21121614923135,106.13825617077237,13.311214830627417,2.2670930595185177,3.403332727194877,0.0021421106352585524,2.3618210271167233e-07,6.994809729377137e-10,9.687498758250147e-11,1.177302942526035e-20,-1.5752197246146215e-14,2.230085378481618e-20,22.0,147412.5,1.0,5.0,7.656854152679443,11659.6040289402,1.0,,,
10,8.0,49.0,23.0,13.937869952636287,53.36811804594948,29.09460522907125,10.594457770040115,13.795643379704918,13.000197127817335,37.0,118.0,113.0,41.60424497483548,119.08085231873645,112.38182044802456,12.865813598800637,1.8329333122068916,3.6874679919779103,0.0016946738838013206,2.016012716533383e-09,4.3584738642754637e-10,7.514970723413024e-11,9.73990536569511e-21,-1.3132953698573975e-15,-9.492662660050267e-21,7.0,1227.5,11.0,0.0,122.18376505374908,25605.912290930748,1.0,,,
11,19.0,50.0,27.0,21.909876845579927,60.13642917458913,36.21460557215915,12.78232692856031,15.570395520548361,15.07718899507765,39.0,118.0,115.0,48.62739926043637,119.14641082910815,112.90118193359176,14.684198209311711,2.5757640131042394,4.027784200590306,0.0012909528527092493,4.515800028528903e-08,1.5022837581964154e-11,2.7534777723192725e-11,-1.3873178117383432e-22,5.4348261759946896e-15,-5.42557277351193e-22,89.0,271608.5,0.5,14.0,2.0,9959.456511259079,1.0,,,
12,9.0,48.0,22.0,13.532692741782,53.455672746532585,29.662156559866983,10.723968272523393,13.621627488568365,14.150772781114805,36.0,118.0,113.0,41.794162384499515,119.39171391435076,112.04113167239835,13.135247330186216,1.7580157547481445,3.838952115335269,0.001277935624768229,4.060724339804685e-08,3.671961770055297e-11,6.494856486748e-11,-1.8711309806587433e-21,-1.2413608649049605e-14,2.561068879129885e-21,10.0,13817.0,1.0,2.0,9.071067690849304,35544.759283065796,1.0,,,
13,8.0,54.0,27.0,13.367005528230886,64.52199056429677,34.7827000072212,12.09130052040724,14.239935796906234,14.423228835777,41.0,117.0,108.0,49.79175860325917,117.27408671860583,107.44701443437934,13.65306623046104,2.180648615412703,3.9336860706168615,0.0017053543758529378,1.768243430484813e-07,9.265125995706037e-10,3.0032989218757277e-10,-1.5429749369308753e-19,-1.0863967528537271e-13,-3.592686616327364e-20,2.0,1496.0,1085.5,0.0,10506.189271211624,21957.870645284653,1.0,,,
14,13.0,51.0,27.0,16.266432724161913,56.75958853261664,31.621765215754603,9.602698951329536,11.290344446607788,10.948104754060491,39.0,118.0,111.0,44.60731264202354,118.73875343219342,112.00798441891217,10.700636626902057,1.8960832059734318,2.714676643151989,0.0018774179308377408,1.6191625609806302e-08,6.315590470964801e-10,1.5010334642387388e-10,1.7490065336209542e-20,-1.27805204330721e-14,-4.277871102545423e-20,7.0,1284.5,3.5,0.0,114.28427064418793,19514.851858139038,1.0,,,
15,15.0,72.0,36.0,19.79973840852262,75.51067308397305,40.97621658156235,11.676376625248484,11.571080306879084,12.768882751849365,54.0,114.0,104.0,58.82407130390373,115.2901836618256,106.00309291469706,11.577505216290481,2.015653807607054,3.197253639653627,0.0016128450714077277,7.330491301183204e-09,3.892604704454031e-10,1.4943732601911663e-10,3.60405253030494e-20,1.094124083170608e-15,-3.2512725373555457e-22,11.0,569.0,2.0,2.0,5.656854152679443,9541.994733810425,1.0,,,
16,19.0,84.0,45.0,21.139944683980396,86.58220965740553,49.33308424339049,10.036396155356005,11.217749802689148,12.684398885488354,65.0,113.0,101.0,67.9757315453331,114.72639615467203,101.58538306011033,11.093169572048472,2.3492604633530374,3.5922789090129954,0.0012281736011375997,5.5895913049856975e-09,5.4844232348475545e-12,2.511039128797668e-11,1.9139886737921331e-22,-1.3060979459167438e-15,2.240553337807227e-22,15.0,2203.5,22.5,3.0,2.0,24406.53621828556,1.0,,,
17,15.0,68.0,35.0,21.89900132832378,75.9960476923515,43.051952870469165,12.7088693058038,13.802436711372074,14.164429140854638,51.0,114.0,105.0,59.953259920970595,115.9264740122581,106.52801121621191,13.423749714391999,1.9083333980028336,3.724442542066039,0.0016195175127968523,2.730048659480854e-08,4.2180300588110046e-10,1.6569797895802734e-10,4.374119135067816e-20,1.4776316112767397e-14,-2.376504737810891e-21,12.0,2250.0,0.5,0.0,38.24264061450958,16257.869974255562,1.0,,,
18,7.0,57.0,28.0,11.812600484368051,64.08691121857383,34.700777786334285,12.509668725632954,13.11232480715744,13.67344227380298,43.0,116.0,107.0,49.3301112852098,117.50321235657158,106.82924847515217,12.888763524664164,1.6818695979633433,3.5907510021381848,0.0018803708264342883,7.462382028382415e-08,4.429316456478152e-10,4.519466451640234e-10,7.083674574744783e-20,5.4202075225008775e-14,1.8939476239983893e-19,7.0,1270875.5,50.0,2.0,9.656854152679443,19132.747168302536,1.0,,,
19,9.0,65.0,30.0,13.79884899989898,73.89970009596928,38.720376426911805,12.174805088414441,15.141705501376665,15.390711719008715,48.0,114.0,104.0,56.509901884028686,115.30797744721689,103.90799954540861,14.471580364258307,2.154773666441059,4.409001534172788,0.0015215538593466333,1.319143171284355e-07,6.028932753120459e-10,9.656656991236397e-11,-1.7019084047475054e-20,6.251787824986136e-15,1.5913894744436763e-20,6.0,2303.0,3.5,2.0,37.071067690849304,42288.47742164135,1.0,,,
20,11.0,68.0,35.0,15.316011322866267,77.7967262433758,44.715678219940095,10.343213603897048,17.51481477844833,16.99598689279812,51.0,115.0,105.0,60.77756492544683,116.52781475264146,102.34868503340904,15.988400584038404,2.581280426005829,6.2012082987225385,0.001241766896593764,6.60386333349288e-08,4.5555322925386966e-10,9.513166044139195e-11,1.9039573898278894e-20,2.1554588953862098e-14,5.4498386085209085e-21,2.0,2099.5,2099.5,0.0,9.656854152679443,30156.926358103752,1.0,,,
21,11.0,49.0,25.0,21.86451617749799,66.21205556014634,37.16604040054989,14.718185722570302,19.897828346236736,16.979181814349467,37.0,118.0,112.0,52.46483845038575,117.09819181622181,110.75126768181373,18.07745476866664,2.9027051528688497,3.909356743206388,0.0014126321227667467,2.8517770577038007e-07,2.6152955312277916e-10,2.1166430777618912e-10,2.9041912705859324e-20,1.0871461993794295e-13,4.045535482002789e-20,3.0,1792.5,177.5,0.0,2325.578979730606,21068.928518652916,1.0,,,
22,18.0,51.0,28.0,18.72997320443187,54.776233511809814,31.25643081586722,9.140480560329536,11.440156727108116,11.06991427419407,40.0,118.0,115.0,43.637270056916485,119.19631789857203,113.90349679754407,10.701041083605679,1.7771006792817365,3.3085168093706048,0.0014804990188501726,4.6969550869141776e-08,1.3804799480198205e-10,1.6554828915376132e-10,2.4923974896947975e-20,3.2949080409207486e-14,-2.264263208617059e-21,4.0,1179.0,9.5,0.0,372.3502856492996,19026.90953350067,1.0,,,
23,3.0,59.0,29.0,8.712215717282168,65.82528844624622,35.34714374450489,11.88246367215195,13.176397114551165,12.889688474565848,44.0,117.0,104.0,50.20021485306871,117.36907316107079,104.61032074922507,12.575165677136273,1.851440661083351,3.536433522614573,0.001698342752203024,9.792679670973123e-09,4.966149056016179e-10,3.6234517227408017e-10,1.5175347158301396e-19,-2.5142325024297596e-14,-2.4427854132261593e-20,4.0,1577.5,19.0,0.0,505.64674842357635,22001.17600953579,1.0,,,
24,12.0,51.0,28.0,15.55847358185563,55.5781113837216,32.17399131840449,10.345836851991082,12.128271613187014,11.700731436198637,40.0,118.0,112.0,44.01226008681596,119.58954844215415,111.94770938810342,11.457735228766978,1.9571079658356059,3.0403444172360747,0.00153710031683246,2.3641788340623678e-08,2.3668305520761123e-10,3.945377822897082e-11,-1.0545914659317574e-21,-4.415299222449909e-15,3.663800876271009e-21,19.0,1588.0,2.0,2.0,2.0,14431.583286046982,1.0,,,
25,9.0,47.0,23.0,14.488711486196342,51.75463792320296,30.00580571831893,10.82376332341858,15.370267641350438,13.536215008195777,35.0,119.0,113.0,40.99189349956679,120.15945495312623,113.04508306043999,13.965163597453248,2.2281200713085045,3.7094790694508633,0.002105857692788615,3.451662697347554e-07,4.5202963477790125e-10,4.433798451612686e-10,-1.9748184518763863e-19,-1.2770985854569884e-13,-2.0019672625862046e-20,26.0,1171.0,1.0,2.0,37.071067690849304,14830.572309732437,1.0,,,
26,10.0,48.0,26.0,16.511602519425345,56.119641275833445,33.03436340510651,10.994781269638102,13.379100616781784,13.679443816172036,37.0,119.0,112.0,44.676351917207256,119.70351597380004,112.10642251953627,12.868154832199318,1.8375440685583133,3.863028239942325,0.0013251119271014203,5.3261512102498136e-09,3.7132509368488664e-11,5.5448580689995016e-11,2.0482778059391972e-21,5.60006814685984e-16,1.4611218680218265e-21,9.0,1474.5,5.5,0.0,344.55129647254944,16960.105469942093,1.0,,,
27,14.0,58.0,24.0,15.163184479647462,57.71951979207232,32.122940778100435,9.924523270475605,15.118745221143815,13.06564601150817,35.0,117.0,110.0,45.218467341202995,118.64182272498623,111.0285603923764,13.541250269724209,2.0689799123361023,4.2298131510603465,0.0018867343971461466,2.944747728664651e-07,2.355899841407326e-10,2.0517943611254627e-10,-4.2781151127768635e-20,-8.50941440376688e-14,-1.4308897559921686e-20,10.0,1967.0,16.5,0.0,59.31370830535889,18657.624386191368,1.0,,,
28,13.0,57.0,31.0,15.185237867376348,61.875455840549215,36.49567265568498,9.68630856189742,14.058089905176807,12.904498535286242,44.0,118.0,111.0,48.96340930493739,119.11686233123794,108.94303604554364,12.72721032641728,2.017949153330415,4.785632725524987,0.0016327936355354936,1.4471328560465715e-07,1.435909371452813e-09,1.1338837173713848e-10,-2.945243751175924e-20,-2.935564110524663e-14,-3.501227341161136e-20,11.0,1714.0,2.0,2.0,41.071067690849304,16442.16677594185,1.0,,,
29,19.0,78.0,44.0,21.972798198516273,79.69299384722694,46.973777303199526,10.6716213503931,11.537404154129925,12.633068232684876,61.0,115.0,104.0,63.32966075788041,116.30246369261107,104.67572604013726,11.340839463530731,2.113521795076916,3.594127375714253,0.001394151194180984,3.5135102694952744e-08,7.354084811732086e-11,7.499442629504695e-11,5.018443540458549e-21,-1.1435539018619825e-14,2.4152335843160765e-21,13.0,2186.0,5.5,3.0,9.071067690849304,20249.2919986248,1.0,,,
30,5.0,56.0,26.0,12.18851113365473,65.83267049110175,34.783699766883025,13.409715384326569,14.161094885355899,14.141881415855899,41.0,116.0,107.0,50.424600873216086,116.80320318882475,106.41646960950662,13.658776971980714,1.8893858095416571,4.120903696222535,0.0019193992402927128,6.213925669053072e-08,1.333278352422937e-09,2.2721805063875623e-10,-1.2488989480810215e-19,-5.561017776563249e-14,6.5549051306849664e-21,1.0,18010.0,1.0,2.0,2747.0,2747.0,0.0,46134.581617474556,46134.581617474556,1.0
31,3.0,67.0,31.0,9.839018376137872,75.88992621558965,38.392061841244384,13.176399532526986,13.533118908678958,13.787268021562143,49.0,114.0,98.0,57.13053297985394,114.60498526959107,101.31048298344672,13.128685883502753,2.1730941569092503,3.9041548943709743,0.0017335608114274585,5.4714704541855336e-08,4.809786674108676e-10,2.033053093967241e-10,2.5391742683076285e-20,-2.2437937079825954e-14,-5.828407109842032e-20,6.0,2294.5,12.0,0.0,782.724956870079,30594.987664937973,1.0,,,
32,14.0,58.0,31.0,17.00443131351374,60.917565849964845,33.806304499372,9.773628169419283,11.713252406662022,10.646994131217882,45.0,117.0,110.0,47.79255458200372,118.00236101345544,110.6092909597899,10.85230993003958,1.8620574625250101,2.9871650498070204,0.0021035135715488694,7.123882437148288e-07,2.0028184730466207e-09,2.864071881304673e-10,-2.167716154199187e-19,-1.0089939750879931e-13,-7.982353724819246e-21,7.0,674.5,140.0,0.0,726.856992483139,13563.429834842682,1.0,,,
33,10.0,48.0,26.0,16.533443749570477,55.82679770004352,33.02530272833482,10.993736088122837,13.443368809129465,13.750239406328383,37.0,119.0,113.0,44.50833711314228,119.82002611504363,112.21209722126773,12.917025133858449,1.8692170307943365,3.93250764777069,0.0013297795894813024,8.38307503679625e-09,4.9410545934135555e-11,5.524904564143382e-11,2.0446356097420154e-21,3.3625518492789076e-16,2.037725072426392e-21,9.0,1779.5,5.0,0.0,343.1370825767517,19133.59945487976,1.0,,,
34,4.0,85.0,31.0,8.860187953492888,76.0737704875933,40.77342035397549,11.117137801572614,14.491193884129729,13.941277832928819,47.0,115.0,103.0,57.86480949125591,115.82063934182894,100.3431504629499,13.29288015604038,2.654437205332719,5.057832752050159,0.001416644695501738,1.1606121888340256e-08,1.5506675305699974e-10,2.875209635668032e-11,-1.5465248888828123e-22,2.4920134580027507e-15,1.9135945729950397e-21,8.0,1550.5,64.0,0.0,1253.3981819152832,25256.019931435585,1.0,,,
35,11.0,49.0,26.0,14.755029356825164,53.23238311811365,30.85530915037988,10.075941695790187,11.673605694229222,11.329750396189155,38.0,119.0,112.0,42.145521312561414,119.97595638596542,112.55562827746222,11.076919669643802,1.8575852204344157,2.8304390558930854,0.0015199826334443022,2.1005509210251437e-08,2.3303766915605555e-10,4.6040931209154134e-11,-8.691891669592257e-22,-4.167663054450675e-15,4.689143752919221e-21,13.0,604.5,1.0,1.0,8.828427076339722,15777.256175398827,1.0,,,
36,14.0,52.0,27.0,16.80391966753264,57.313113483904914,32.04699789100341,9.610439151363778,11.448388598747517,11.043677565623678,40.0,118.0,111.0,45.12521224626782,118.67276742615404,112.02087285112307,10.812770052333759,1.9273354750681524,2.7909625224465913,0.0018847314424490897,1.9920697064201732e-08,6.728608443886722e-10,1.5784543112378418e-10,1.423010304509358e-20,-1.79839262578017e-14,-4.943375232656994e-20,8.0,1202.5,45.0,0.0,114.04163014888763,14406.1631565094,1.0,,,
37,21.0,83.0,48.0,26.188765404397248,85.59984528218953,54.21824011485425,12.17352903465609,13.552722247453639,16.006329937042604,65.0,115.0,103.0,69.44007357159016,117.10583149765274,103.6193052626632,13.707841423171471,2.9670791226388906,3.751576125507857,0.0012953965748424296,2.4968744460191565e-08,3.195016079178864e-11,1.0313908711795287e-11,1.2893017989277415e-22,1.2975980882058137e-15,-1.357624312392192e-22,237.0,527811.0,0.5,32.0,2.0,12481.546368598938,1.0,,,
38,16.0,66.0,36.0,20.76494811630086,69.67411402554411,42.56688958899448,10.724216716367632,12.986841340720078,14.667952783798382,51.0,117.0,108.0,55.98428887433678,118.37760936076901,108.1153263280066,12.870989659656358,2.6672163282986436,3.4308058718059478,0.0012714783910296934,1.1621442588334375e-08,2.931750472385246e-11,7.209309308535247e-12,5.646550521072695e-23,7.604307142713318e-16,-8.829975669671463e-23,144.0,488296.0,0.5,21.0,2.0,11623.58678662777,1.0,,,
39,13.0,56.0,28.0,16.508047027977454,59.14614005302871,32.47075586733284,9.660293144365744,11.65052555960371,10.617942843024238,43.0,117.0,111.0,46.29762990559133,118.12032431835091,111.18361059999046,10.816988409530492,1.8379215816656225,2.803557071798056,0.002116839258892023,7.146070325458394e-07,2.0806083803335156e-09,2.744630895725237e-10,-2.048885150631009e-19,-1.066618366881082e-13,-3.22164735081621e-20,12.0,489.5,0.5,0.0,8.242640614509583,10495.25078356266,1.0,,,
40,12.0,42.0,21.0,14.402757829637972,43.25765420478073,25.43154577017159,9.353548465495171,12.719637558441859,11.769920669398894,33.0,121.0,115.0,34.625150460052424,121.40857048289354,116.55737858084986,11.716732887724325,1.736891175162661,3.5538360141817917,0.0022765443773381053,2.4046023374386134e-08,7.161342075415694e-11,6.368367920775717e-10,3.117388783425292e-20,-8.568259554574296e-14,1.3237912610883558e-19,38.0,5544.0,0.5,0.0,217.49747371673584,6148.5650334358215,1.0,,,
41,13.0,64.0,32.0,17.854077675181795,57.96261854876131,31.369248713867442,10.122596559310573,12.845056503652142,10.749407533688071,49.0,116.0,110.0,45.435817013520875,117.92932844030685,112.42724850680513,11.56207819222956,2.239729130207674,2.971123144405645,0.0019666816236327323,1.3723905476767802e-07,1.8308713145802605e-09,2.2813211036896658e-10,1.2544256105889015e-19,7.080745141713701e-14,7.747282257875001e-20,10.0,867.0,10.5,0.0,8.828427076339722,10935.279347538948,1.0,,,
42,14.0,51.0,26.0,16.090239870444172,51.777779237726236,28.67715913374323,9.660955586515469,13.066927744586563,11.457016803790998,40.0,118.0,109.0,40.79901683420944,119.32959294538306,114.03711179856434,11.640939447125787,2.1555661910143846,4.464269452141798,0.0017636683991172173,1.0069835777576527e-07,8.371270106403175e-10,1.8345872867692395e-10,-6.684459444892106e-20,-1.2625273279553629e-14,-2.6472622423078905e-20,3.0,2952.0,4.0,0.0,37.79898929595947,35169.710304260254,1.0,,,
43,19.0,79.0,46.0,21.393909951090816,81.46111382924835,47.78984654722614,10.528567919367003,11.55843797105753,12.753551750213015,63.0,115.0,103.0,64.53766905997209,116.03642342315864,103.67225661674323,11.383258519604812,2.1356779439196063,3.6073159204139027,0.0013681444756723803,3.435786665807235e-08,3.666637770066928e-11,6.468462928478109e-11,3.0542197422522958e-21,-9.485377018257067e-15,7.716141076986427e-22,18.0,1174.5,0.5,2.0,5.414213538169861,19897.558364272118,1.0,,,
44,18.0,71.0,39.0,22.9082481809076,76.67883359499461,46.871422730200855,12.95900936076334,12.677795563778036,14.191913941134008,55.0,115.0,104.0,61.650209650479674,117.43124994374604,106.16134922073797,12.797275145423182,2.180981533033187,3.4052443485228467,0.002093371766374907,2.3970251977043045e-07,3.4322757420643096e-10,7.195655066297976e-11,1.1068604907712104e-20,6.197438707874116e-15,2.3158591938316115e-21,20.0,154586.5,28.0,0.0,2.0,10713.237167954445,1.0,,,
45,15.0,54.0,26.0,16.7397360100092,52.730628204799,29.031540844778597,10.04936182035486,12.980809206497344,11.851713270316264,41.0,117.0,109.0,41.54203394663,119.05444760355635,113.99189807333528,11.752378651934526,2.070365274922388,4.502149140686362,0.0017641930744785252,1.2648216982197288e-07,8.254098564311428e-10,1.9172594872056593e-10,-5.914276620208178e-20,-5.389848534244727e-15,-4.8159225408643257e-20,6.0,8119.5,348.0,0.0,2.0,20889.014870762825,1.0,,,
46,8.0,37.0,17.0,10.531719599511213,39.91116928683118,21.2879093931101,8.936295695351612,10.271495554069798,10.130296113682748,28.0,120.0,115.0,30.983502912200613,121.06736449750866,116.41743278395127,9.788704455464147,1.5821667672260142,2.6008747343469776,0.0024344954500024477,1.439887581614116e-07,2.7536612126469813e-09,8.536426288493541e-10,-1.8344545025245108e-19,-2.594373111144453e-13,1.295868247299819e-18,15.0,1203.0,1.5,0.0,114.52691125869751,8562.177968263626,1.0,,,
47,22.0,91.0,51.0,30.350522581628063,94.69695886605544,58.66577647593791,14.108762383572435,13.987332178452752,16.474614069896877,71.0,113.0,102.0,76.5840955001886,115.22082092667964,101.91926219483122,14.080768789393643,3.185204022939595,5.2017966599518735,0.0012618405589435323,7.73458516820542e-08,1.0368963966867806e-10,1.3573261298431378e-11,-2.7509100541328927e-22,-3.3458090819147027e-15,4.285046887113163e-22,101.0,227302.5,0.5,7.0,2.0,16946.542657971382,1.0,,,
48,7.0,60.0,34.0,10.295036586495097,63.18861574997071,37.597437538465314,10.96209240400145,12.858114723690939,13.035555102260098,47.0,118.0,105.0,49.52227906008289,119.5285685709652,105.86927189728462,12.31177261467008,1.6585078439917473,4.04835972392,0.0013911406240809609,9.2441965318938e-09,3.5561848488748145e-10,6.11406340001489e-11,-9.014226350346823e-21,-1.3953111351117023e-15,1.4810549651088611e-22,2.0,1955443.0,1952830.5,0.0,19687.213459014893,19691.313962697983,1.0,,,
49,8.0,90.0,48.0,11.241429356570405,91.24634059452814,53.80264112338562,10.539561747179206,14.301924091882771,14.219811063157524,68.0,114.0,95.0,70.93470901120175,115.79014037632902,94.30480553677334,13.182342183843543,2.900736358661354,5.010882048346022,0.0015739406820104093,1.77397282275666e-07,4.5180146500484277e-10,1.4851867923737138e-10,-3.3457153009355134e-20,-5.01723561462373e-14,-1.899258460725743e-20,31.0,3122.5,0.5,1.0,5.414213538169861,15494.632382631302,2.0,,,
50,14.0,60.0,32.0,20.435301823534775,70.48851506380467,40.73782473287509,12.15216594029421,17.038788680940588,15.681747995861036,47.0,116.0,108.0,55.87808647260068,117.18251168076108,108.0031930066402,15.659463517377583,2.5089031207292476,4.520631608265681,0.0014137630365033858,7.726718581091903e-09,5.478891261898349e-11,2.1872937463169667e-11,-6.675125372036547e-22,-1.8422057900919374e-15,-3.5744839235827435e-22,25.0,2336.0,1.0,1.0,18.485281229019165,10632.767926096916,2.0,,,
51,16.0,62.0,34.0,22.699690057556158,73.12947691301494,42.6517062864535,12.222627394649049,18.153356112649533,16.339049716130933,48.0,116.0,108.0,58.261788753425435,116.85395475176952,107.93204229387865,16.427079605721737,2.7669506776769515,5.285167557901479,0.0014513503037138244,4.4570107415145134e-08,1.301712483339808e-10,4.450825778674428e-11,-1.2172789709781322e-21,-4.244227393465201e-15,-3.16155907849452e-21,40.0,543980.0,0.5,4.0,2.0,14318.45872604847,2.0,,,
52,9.0,81.0,49.0,13.155189029167273,79.04919779846462,50.73450046005631,10.256966421293361,13.869056047021955,13.605284555560745,64.0,117.0,97.0,63.09171710448775,119.19578937047062,99.81656628624118,12.81249143962827,2.556335779570673,4.646176935883266,0.0016523399232264062,3.3570195409107075e-08,2.1408939630299276e-10,2.6374384392178816e-11,1.4174792952684075e-21,-1.7325361836432981e-15,-1.3850946559927614e-21,38.0,2594.5,3.5,4.0,9.656854152679443,42317.487872838974,2.0,,,
53,8.0,78.0,47.0,12.443299216607317,75.53041765752504,48.493184086745046,9.929457530094192,13.741043524325548,13.337332709134989,61.0,118.0,99.0,60.27695114367883,119.6149154791475,101.01089115266578,12.652041096580605,2.4876513058165366,4.579221594653717,0.0016608554394012967,2.7373092295834316e-08,2.6123909914464845e-10,2.5272814804944908e-11,1.447335361891341e-21,-1.2288656772642197e-15,-1.4567689902685862e-21,37.0,2632.0,1.5,8.0,5.656854152679443,42986.85750186443,2.0,,,
54,16.0,56.0,29.0,20.807079139444525,66.73948306794901,38.97718498149926,10.455459448586819,16.556170987114413,15.07450959051554,43.0,118.0,111.0,53.19924083095078,117.86457080873409,109.71034588416153,14.869336655355797,2.9177755917707215,5.071917691640962,0.0016014322416454117,1.4077269178007984e-07,4.69863821944729e-10,1.6472270581095975e-12,-4.5620046269684203e-23,-5.746024445284947e-16,-4.3445133267245064e-24,29.0,2875.0,0.5,3.0,5.414213538169861,30535.10068655014,2.0,,,
55,15.0,55.0,29.0,20.282570083997356,66.74626538426514,39.104667374527786,10.464266686200427,16.59569360500799,15.055426044759677,42.0,118.0,110.0,53.17995644974348,117.964667356846,109.42404078482407,14.89211957343589,2.9081645164764867,5.0813239432939055,0.0016030642576711088,1.5136899924495069e-07,4.797486102241157e-10,1.8483087313278225e-12,-5.501679886917412e-23,-6.555847092174468e-16,-1.5546276243881618e-24,37.0,4872.5,0.5,6.0,2.8284270763397217,46441.07362508774,2.0,,,
56,16.0,73.0,38.0,18.170926378073386,82.63373531925247,46.965137215489925,13.86680948197784,18.38096110931301,17.109773028957605,58.0,113.0,102.0,64.61857793800455,115.40704443685038,101.78765027780287,16.902335697972564,2.9001543039037148,5.489189396961408,0.0017625419959054088,1.0168565973014613e-07,1.248505269175474e-09,2.1446348172734104e-10,9.848542194534895e-20,-1.858618514524228e-14,-5.1147589876344605e-20,11.0,3958.5,1.0,5.0,5.656854152679443,44296.54481446743,2.0,,,
57,15.0,76.0,38.0,18.15519961241774,81.4370702147564,46.30855464834355,13.225355001822615,17.7307226182683,16.38115226848415,57.0,113.0,101.0,63.72234726809536,115.58731337083272,102.28808087434761,16.237227028737497,2.915243126450726,5.241754374292469,0.001763047632496973,1.2723183814986057e-07,1.0199566905117512e-09,1.9739414784920375e-10,7.486629716826292e-20,-3.183327998598333e-14,-4.732743234565357e-20,13.0,1845050.5,2.0,2.0,5.656854152679443,21451.230175495148,2.0,,,
58,14.0,69.0,40.0,18.130810436751645,78.14548164160357,44.86592946338544,14.711556991389477,16.68069641656454,16.05160335613229,58.0,115.0,102.0,61.348208179007834,116.23367104469253,103.61587582509787,15.684825784591442,2.6984402838036683,5.022391742036818,0.001775298309868224,1.2550556397446973e-07,1.2095000391335603e-09,2.2310406156203725e-10,9.276439136138206e-20,-3.837990555300502e-14,-6.947219028287984e-20,15.0,3908.5,1.0,2.0,9.656854152679443,44080.42705273628,2.0,,,
59,11.0,78.0,43.0,17.27604135578929,82.48375793988693,50.7856360862808,11.47470331814032,13.555856738401246,14.984098295280441,59.0,115.0,100.0,65.55742105068306,117.4172971102476,100.76422946358211,13.208784909702853,2.8576855805427006,4.415221608159738,0.0015099977551447557,1.6737434354734573e-07,2.0349565695634514e-10,1.218005813308314e-10,1.2621318379376845e-20,4.975869368242886e-14,-1.4436427846560925e-20,23.0,7277.0,0.5,8.0,3.414213538169861,32796.909125328064,2.0,,,
60,8.0,62.0,36.0,14.213994443531032,73.54836906762367,46.20915814084688,11.151811274574294,13.083383413224448,13.76034891671429,48.0,117.0,103.0,58.62149299768297,119.13785012241777,102.96739816160616,12.694205397715294,2.2580689958336606,3.4035683260533425,0.001841510890849038,8.460714864179784e-08,1.8177099504596249e-09,1.1827099805084952e-10,-4.9031777691842215e-20,-1.6762323524545793e-14,-2.4557369529821513e-20,7.0,9406.5,129.5,0.0,46.041629791259766,33785.16010451317,2.0,,,
61,7.0,65.0,37.0,15.451799506624972,77.93066902866356,48.96646878977979,11.73959761443355,13.477802853561807,14.505847761485075,51.0,117.0,102.0,62.15874140160061,118.57332752775172,101.66131936812606,13.196248764990335,2.30239985142365,3.536848109659792,0.0018507306630323019,9.633532685309867e-08,1.8549123549193125e-09,1.1816183764669717e-10,-4.6906161582568866e-20,-1.984824620890502e-14,-2.932659712657369e-20,10.0,9895.5,0.5,0.0,49.11269783973694,27444.280487537384,2.0,,,
62,10.0,52.0,27.0,12.533505856866675,54.80671206250992,29.993090633213654,8.705341344028694,14.610035062430338,13.28225795362523,40.0,118.0,112.0,42.56466974765645,119.05067203516684,111.04441836684246,13.009320648260687,2.2235459233184227,5.27407389640475,0.0012853102750528937,1.2375447664988276e-09,1.2285886184959443e-10,2.5436817788328672e-11,7.764721804160197e-22,8.917344254415566e-16,-1.191282760568974e-21,21.0,1060.5,0.5,1.0,2.8284270763397217,11925.208604574203,2.0,,,
63,9.0,49.0,25.0,11.744924491425456,51.53048612434464,27.839422158736255,8.925611843050392,13.251614355429204,12.594637679968788,38.0,118.0,112.0,39.90574276740356,119.40799356180929,112.10484633439428,12.113227291148176,2.0003204091903815,4.4872460809145585,0.0013152604079653433,2.9606912905612724e-09,1.5824580781068114e-10,5.348822325326094e-11,1.9839009637874838e-21,2.8039501373513783e-15,-4.503374061133985e-21,17.0,1190.5,1.0,0.0,18.72792160511017,24320.771018624306,2.0,,,
64,8.0,59.0,30.0,11.758090571073758,58.85975333843043,33.30149039613257,9.237119199850788,11.979394453413766,12.685133250276802,45.0,117.0,108.0,45.85004024748763,119.06132762556344,108.75175331273078,11.514909797645734,2.2268738372544195,3.5555623430132437,0.00127696833976057,6.501670519235461e-09,9.064111944537775e-11,3.323259684076755e-13,-1.823892528487411e-24,-2.5830826926631295e-17,-1.2255726355420862e-26,14.0,1305.5,0.5,0.0,344.1248904466629,17702.370755553246,2.0,,,
65,8.0,45.0,25.0,12.457589982503608,52.91357371941451,30.996962767793658,10.388701697969726,13.46654596070484,13.98016590831151,36.0,120.0,111.0,41.72594570512234,120.34295054687294,111.48065453622758,12.88056302261031,2.2153016578636113,4.144857935462204,0.0013285871781832672,2.3845031652235807e-08,3.903893973388016e-11,1.5953207216411642e-11,-1.874678932709557e-22,-2.459051040881656e-15,-3.5122706085165636e-22,4.0,1602.0,18.5,0.0,199.72287034988403,24114.384496212006,2.0,,,
66,10.0,47.0,28.0,13.525369292627461,57.979102955877195,34.26700128640085,10.776986128901708,14.441348861540366,14.840908870170068,40.0,119.0,110.0,45.793001546980946,119.77832770165514,109.79005608161506,13.697272168935461,2.4808469231510717,4.6542962287939895,0.0013666885419329545,2.8156883717131102e-08,6.213013220664853e-11,1.765138297351802e-11,-4.94658892956179e-22,-1.5071281309389942e-15,3.114602302753767e-22,17.0,1077.5,0.5,2.0,7.656854152679443,15500.333847045898,2.0,,,
67,9.0,61.0,35.0,10.739638009329083,67.19870598571624,41.20592398874913,10.084255164892305,12.289184310781472,13.575132496355126,48.0,119.0,104.0,52.99520840234811,119.59892964504625,104.16858502038036,11.941564242310664,2.1617372469353144,4.635058155038098,0.001094399369637196,1.2020959258016526e-07,2.7004547670397094e-10,9.773214268030062e-11,-9.702245922107461e-21,3.365348900237863e-14,-1.2567922665423018e-20,37.0,1699.0,4.0,5.0,4.0,13535.167521238327,2.0,,,
68,8.0,50.0,26.0,10.845090238437708,56.57959914132815,31.009352594908442,10.403578419729918,12.084632806241867,13.11099342882985,39.0,118.0,111.0,43.725971533393036,118.97542276815715,109.4469767232583,11.798108529442327,1.7989665443742657,4.231289490316427,0.0016619919100875457,7.367051804670644e-08,2.9502173201218526e-09,1.6439281708014365e-10,-4.870900065959289e-20,-4.321665183322973e-14,-1.0360699675293398e-19,32.0,1169.0,0.5,3.0,2.0,19798.65799200535,2.0,,,
69,4.0,72.0,42.0,9.044973322015542,79.32852777290165,49.08207339088148,10.421443809476855,16.16099093506721,15.918989601567812,56.0,116.0,98.0,62.26082170706507,118.57825410180705,97.96234956238234,14.805495818608875,2.605091853657809,6.005281881997656,0.0014929597101937752,7.819702933452683e-08,4.423216456342883e-11,1.1060355186731025e-10,-7.565704612521058e-21,-3.082588080800109e-14,1.6147851791168914e-21,22.0,1322.0,6.0,3.0,15.899494647979736,13699.203899025917,2.0,,,
70,4.0,73.0,40.0,9.1227562886843,75.43172073364924,45.921080529768446,10.292983566771285,16.033517111820956,15.74053630495193,54.0,117.0,101.0,59.04160949416097,118.61921406959284,99.83053151639838,14.679653008260818,2.5342497484516255,5.965230990489454,0.0014735413482727085,3.117099370849176e-08,1.2255041603766692e-10,1.4932893413016086e-10,-1.094013751381992e-20,-2.049412374878362e-14,-1.6982187235224566e-20,34.0,2012.5,3.0,1.0,2.0,19443.84748315811,2.0,,,
71,4.0,66.0,36.0,8.937800735771658,70.12392440599822,41.79845490026829,10.9637821942474,15.167182965659222,14.949269602687965,51.0,117.0,103.0,54.6793038803344,118.801214562718,102.19293412291496,14.034793009152532,2.3928436805776756,5.480993746761841,0.0014666092152208327,2.4221399608401525e-08,8.557510627723545e-11,1.5316019179318044e-10,-8.658871473659273e-21,-1.8752869325012318e-14,-1.5247343618407193e-20,23.0,1430.5,1.0,0.0,2.0,17487.008276104927,2.0,,,
72,5.0,70.0,40.0,8.235414132969114,84.96244972927889,54.904803641141626,9.939226398842164,21.36677598131266,22.29034905757811,54.0,117.0,99.0,67.22729698909434,119.20013608387715,94.71292238130822,19.554148429860106,3.2185974718281796,9.565167879551872,0.0016442971711761525,7.834665719528628e-08,1.6039066994377843e-10,1.5035607152657666e-10,-1.0051989150657493e-20,-4.206174061572162e-14,2.1074632749743778e-20,26.0,3528.0,2.0,1.0,2.8284270763397217,16631.795085668564,2.0,,,
73,4.0,68.0,38.0,8.032616579973144,83.89142477218506,54.21235402244906,9.98190240305207,21.292413865106738,22.096794094155328,51.0,117.0,100.0,66.36679416480895,119.3249909395492,95.08154092846807,19.46227496337492,3.2601098130150654,9.392848150269579,0.0016160211808416004,7.905129254459312e-08,1.385455301813868e-10,1.1802317525441522e-10,-1.1750070483797378e-20,-3.0951018877928486e-14,9.471258217244507e-21,17.0,2576.0,0.5,0.0,11.071067690849304,24831.13801229,2.0,,,
74,5.0,67.0,39.0,8.770076325723181,84.40644736753605,54.118622116299385,9.4090430156677,21.42447908025923,20.71644786265693,51.0,117.0,101.0,66.72659278474173,118.99861817034993,95.30057410575294,19.092150268419406,2.7015570544582723,9.333937704719489,0.0015573964345871254,1.3688353889309533e-07,4.011645729414226e-10,4.827615606161346e-11,-3.32012665401625e-21,-1.7276064154676027e-14,5.840591116990687e-21,15.0,6593.0,2.0,4.0,5.656854152679443,55621.35494196415,2.0,,,
75,5.0,67.0,37.0,8.721396080780654,83.73002948671443,53.55363413595197,9.431316588071448,21.301454333219937,20.71171232744518,51.0,117.0,102.0,66.15533319686259,119.0026480093081,95.59483952393782,19.034216674146236,2.7286238295434573,9.219804453120544,0.001566211021564133,1.432455480447613e-07,4.1250784932700243e-10,5.0644347216402786e-11,-5.11105260990003e-21,-1.724480795650354e-14,5.240220399073983e-21,22.0,6710.5,2.0,6.0,5.656854152679443,30843.25643849373,2.0,,,
76,16.0,55.0,31.0,18.37335148683,61.13820929816889,35.634642871716125,10.870702248856224,16.228775385138604,13.947945616931447,45.0,118.0,111.0,48.63339572879412,118.71505427945313,110.91333736020648,14.522374672293296,2.549164237185954,4.345093367654072,0.0015940133453234912,1.261933170212993e-07,2.523667081968835e-10,1.4319994436987128e-10,-1.41042641458834e-21,-1.7317708223553757e-14,-2.7186081899635667e-20,6.0,8657.5,146.0,0.0,9.656854152679443,28505.177360653877,2.0,,,
77,15.0,58.0,34.0,19.13937633983885,62.16024389894071,36.58111631263109,11.174747586659395,16.191221084975766,14.05473091724889,46.0,117.0,110.0,49.60189615814485,118.69931561334968,110.79910609372226,14.58809440393585,2.532655451909936,4.159954849397041,0.0016069602957345039,1.3448611601642982e-07,2.133228651336842e-10,1.5332533058357764e-10,-2.6899307733340966e-21,-1.8490354574379998e-14,-2.7598563296248055e-20,9.0,9046.0,51.0,0.0,9.656854152679443,20370.3529651165,2.0,,,
78,10.0,59.0,31.0,16.19646918497104,65.23382552133349,38.38066252059558,11.937128109872631,17.377600239734143,14.687939018467603,45.0,117.0,108.0,51.608823626034834,118.55540968775587,108.01571518462737,15.427196137319536,2.841424493518366,5.005735679861451,0.001433168424623399,7.444798719088241e-08,7.116463781777704e-10,1.25972236739925e-10,-1.9289698034955367e-20,3.37539222847479e-14,-3.2411835436369867e-20,24.0,1917.0,1.0,6.0,2.0,23161.34913301468,2.0,,,
79,10.0,58.0,32.0,15.898430059962342,65.52893423375076,38.63571435218647,11.90692725343944,17.655662297641666,14.744055047003975,45.0,117.0,108.0,51.827424473196864,118.58821102525367,107.7224050699664,15.598450801047541,2.8929340193435795,5.079778829629433,0.0014079152579011488,9.863270764012427e-08,5.365143874087916e-10,1.1113301163771339e-10,-1.1888119763040256e-20,3.337488834134573e-14,-2.4394000424048284e-20,26.0,1212.0,3.5,0.0,2.0,15133.169422626495,2.0,,,
80,12.0,58.0,32.0,14.144854704641553,56.289188490668415,33.96452857266694,10.04242518832599,12.953523131058537,12.790917685655133,45.0,118.0,109.0,44.80229814203019,120.29028972385694,110.69299994541993,12.226655633960283,2.0700487195113983,3.3962042867406783,0.0019286029477783731,1.7230293068730042e-07,2.098402572071659e-09,2.435049055022647e-10,1.730300133168076e-19,1.005587183468663e-13,1.8933421594654513e-20,3.0,1877.5,17.0,0.0,3044.9402478933334,27803.035733103752,2.0,,,
81,13.0,62.0,35.0,14.988742324677789,58.94762688204208,35.725683421304026,10.149200106393183,13.325458049434163,13.011873741934629,48.0,118.0,108.0,46.993246198926336,119.99491715959202,109.93234458779217,12.519687206273188,2.096118356211348,3.508574364229371,0.0019339863337775854,1.259457689276927e-07,1.9552789825649257e-09,2.405366274469743e-10,1.6495906607083964e-19,8.535969958325143e-14,1.9536683634793102e-23,4.0,2013.5,3.0,0.0,356.3675309419632,30094.808585882187,2.0,,,
82,6.0,79.0,38.0,9.718175048147938,78.16018161161855,44.77912239800459,10.135510551458086,13.915781062194691,13.261147018244067,59.0,114.0,101.0,60.36170218999144,116.8530367330533,99.41955412695353,12.600917584406716,2.8054212015522877,4.860264052046153,0.0015724757331085216,1.9660359490992243e-07,4.4555418922993303e-10,1.5048082856863535e-10,-3.469117400250685e-20,-5.475796390231195e-14,-1.7741902774051306e-20,37.0,2286.0,0.5,2.0,2.8284270763397217,16314.345136284828,2.0,,,
83,9.0,75.0,43.0,13.883366654928928,79.95053513415458,50.81266181830175,10.396641355647402,17.117655792052226,18.830516481876778,58.0,117.0,102.0,63.70318849352436,118.7808088950714,99.88562398689253,16.1372680564051,3.444864920808514,7.18601636071303,0.0011991776436934968,2.6352930238532306e-07,8.896142294604091e-11,6.820745464270465e-11,-1.5641315903537988e-21,-2.9226932433476413e-15,5.077657579536502e-21,15.0,1140.5,2.0,4.0,2.0,12270.595495462418,2.0,,,
84,10.0,76.0,43.0,14.230107475010604,80.16367025050702,50.814644299322026,10.510532060032899,16.846119081916513,18.563297856685818,59.0,117.0,102.0,63.86541503604946,118.66252454719596,99.98924194640924,15.885619149711918,3.4250564576392906,7.179503303358742,0.0011936964781299895,2.600433845003544e-07,9.332525949875532e-11,6.762692604360072e-11,-1.484491190985706e-21,-2.807119059633622e-15,5.16337044590224e-21,12.0,1853.5,0.5,3.0,5.656854152679443,21848.755022406578,2.0,,,
85,11.0,93.0,57.0,14.662749723999214,93.88781970457453,59.3014667168902,10.210225003964622,12.774418619935924,14.429596800568614,73.0,116.0,93.0,74.45886225424148,117.11994630162464,94.2415343639004,12.56436924811968,2.37163221818653,4.0945395994934115,0.0008887829466731928,1.2373674675339157e-07,1.703565841864942e-11,1.6666347134955886e-12,3.540397866650917e-24,-3.0951201258035604e-17,-8.144313096497277e-24,28.0,2557.5,0.5,3.0,2.0,40733.03709769249,2.0,,,
86,13.0,55.0,29.0,18.820132280448735,61.56870190204863,35.96598122776116,11.04197805832873,12.205473179442782,12.24907842914293,43.0,117.0,109.0,49.03058113555495,118.65026243306183,110.94142009386118,11.688974449287205,2.1360432158174465,3.277053492894003,0.002064135207943403,7.686272189926306e-07,4.886538302530846e-10,1.6083124999091067e-10,1.3813686742630062e-21,-7.663241965832671e-14,4.506635021117576e-20,11.0,4470.0,2.0,2.0,5.656854152679443,18476.76563489437,2.0,,,
87,12.0,53.0,27.0,17.584876683982603,58.338812978308674,33.52132284455028,10.854261317598757,11.739986857215275,11.869578347230364,41.0,117.0,111.0,46.26010149505968,118.89386528619303,111.81917651690465,11.32029925733431,2.0148142581624304,3.007659879711615,0.002091136412476008,9.692079343552725e-07,3.8447743511762513e-10,1.3406524319144895e-10,-1.8347962509888556e-20,-1.2362266824610782e-13,2.4285734043392107e-20,4.0,1658.0,29.0,1.0,21.313708305358887,21620.404693722725,2.0,,,
88,13.0,62.0,32.0,18.141565904059373,63.61799156209743,35.35075940369341,10.143759347211622,14.923832979308214,13.131500883459818,48.0,116.0,109.0,49.96939093177993,117.52645758095872,110.02938868549177,13.459593442146344,2.237754986379775,4.091880600989743,0.0017352850555594794,7.53528882225041e-07,5.727140797376431e-10,1.160839591856068e-10,-1.4771504306106267e-20,-5.284165857226386e-14,2.6032523147988347e-20,8.0,2428.0,1.0,0.0,66.14213538169861,27416.119332790375,2.0,,,
89,13.0,59.0,30.0,17.777662335719466,62.86270822580765,34.99065592531921,10.092990994321859,14.752507815969768,13.034383840843216,45.0,116.0,109.0,49.37575043571273,117.69741713977963,110.15668229996484,13.33254948514743,2.18678926166505,4.044405956180195,0.0017305419368980064,8.141643681202741e-07,8.114121365113257e-10,1.4255718740408143e-10,-2.551434307574875e-20,-7.923950127688009e-14,4.1228404521562767e-20,3.0,2431.5,588.0,0.0,117.4558436870575,27551.214791178703,2.0,,,
90,12.0,73.0,43.0,17.95858485172878,77.80958082600598,52.446594677337934,11.179426860544112,14.462658741315243,17.929369494936978,57.0,118.0,102.0,63.43189997488744,120.18547894273566,102.35950895952593,14.557261813191719,3.8071613349529,4.91994052891621,0.0016096596986504101,1.846820500698322e-07,1.686614360259206e-09,4.2966148613209285e-12,-3.6031250710825976e-22,-7.762525858334551e-16,6.289747765891103e-23,39.0,742408.5,0.5,7.0,2.0,9670.355130076408,2.0,,,
91,13.0,74.0,45.0,18.795366954393273,80.44314184341721,54.1097404240332,11.3458489247724,14.417778291272876,17.97643375385546,59.0,117.0,101.0,65.56810916631572,119.83124157855407,101.62064638038584,14.549577865475685,3.8527948562618235,4.922440404133578,0.00161661688456336,1.810871096149038e-07,1.7183907889648717e-09,6.26274839228533e-12,-6.465714731509776e-22,-1.065265691277855e-15,6.361418890685242e-23,35.0,1011.5,1.0,5.0,7.656854152679443,17974.650171279907,2.0,,,
92,20.0,70.0,41.0,23.26713431287813,72.24863612791702,45.46730717372515,11.050748075849558,11.29357945297603,13.00815500395581,56.0,117.0,106.0,58.65542402765773,118.57244943820224,107.97981815038894,11.452958915401185,2.249697376804528,2.975562227001344,0.001390107931237232,1.7312555669103096e-07,5.695537506868034e-10,1.6797031155204e-10,4.5933139367122864e-20,3.825198419087442e-14,-2.4276110023537685e-20,12.0,1425.0,1.5,2.0,5.656854152679443,25379.09515786171,2.0,,,
93,19.0,68.0,40.0,22.493182998718087,70.50103376606047,44.46513618004209,10.86248615258847,11.364435992415439,13.006412497404371,54.0,117.0,107.0,57.24397559808319,118.89380155640168,108.34786959774688,11.46886260089444,2.2739236378215835,2.942676847009359,0.0013649195221559478,1.3657825649895582e-07,4.655755733262134e-10,1.619285333927175e-10,3.8806540138745683e-20,3.544626978607202e-14,-2.169888305503608e-20,13.0,1474.5,0.5,1.0,5.414213538169861,25802.07285475731,2.0,,,
94,5.0,83.0,44.0,9.179928048806655,82.17022339915748,47.28055869457935,12.30883027588654,12.901953212988413,15.135003584214731,62.0,115.0,94.0,63.375821609675505,116.49270832588313,97.40039480177661,13.039583584820967,2.284586872377417,4.460029475496452,0.0014883639441427617,1.297023083241003e-08,2.3248783966756907e-10,7.523187054366667e-11,6.83363019366987e-21,8.455159484384874e-15,7.231514572943113e-21,8.0,1145945.5,3081.0,0.0,465.1959578990936,14459.594595074654,2.0,,,
95,5.0,74.0,44.0,9.45442681697611,84.62427297663871,56.699205582459214,10.198889492858514,14.844819617058384,17.25826141042157,57.0,118.0,99.0,67.74248840982142,120.16529380351618,95.10455701449692,14.38847487012265,2.9613609949348048,6.244095091993521,0.0015967249224742807,2.55241294991724e-07,8.375496878717461e-10,1.9473945684717185e-10,-6.36483203662053e-20,-3.153318187286176e-14,-4.6199108240278116e-20,20.0,93021.5,1.0,3.0,7.656854152679443,24499.846258163452,2.0,,,
96,5.0,73.0,44.0,8.57694559906951,84.09754460158065,56.84333100175002,9.848211659662795,14.710848077312528,17.024589901044585,57.0,118.0,98.0,67.36893821840235,120.52692442722109,94.81741156733317,14.220819335658037,2.953961445698068,6.135628091783328,0.001585274187037591,2.339765279830337e-07,8.053628439196899e-10,1.988480996433052e-10,-6.076913947547971e-20,-3.206175901661798e-14,-5.1374416272953816e-20,31.0,365562.5,1.0,5.0,2.0,23351.065395236015,2.0,,,
97,4.0,61.0,31.0,7.767811282278179,68.22560614342223,40.016108714850624,9.14121907759931,12.726393382694893,13.92164751467368,46.0,117.0,103.0,52.908899478065635,118.80356534534687,102.52947420010956,12.16842866950719,2.5192012968818234,4.546554319908067,0.0014805709835315514,3.33759211554397e-08,2.9838561504285416e-10,1.1458927817569328e-10,-1.0724237152416902e-20,2.069782655158607e-14,1.8274380846665945e-20,17.0,403210.0,1.0,0.0,27.656854152679443,11505.119431495667,2.0,,,
98,15.0,117.0,132.0,18.701116706809724,111.9001532734837,126.69432888110357,8.054215029849516,32.97698592336178,33.312033026605725,117.0,145.0,67.0,105.69126341142983,142.99321217429386,78.89949638712503,29.45037235931086,3.3799855788323305,16.184904779721098,0.18428280991743867,0.022032151123423636,0.0367261653230257,0.02575723944549693,0.0007590953418771968,0.0036193535470934726,0.00022662893041734258,6.0,738.0,96.5,2.0,37.071067690849304,152.28427076339722,3.0,,,
99,5.0,131.0,132.0,8.292622143283333,133.61653017331093,121.8268228176558,7.852325269007241,18.140436689752683,21.43593922098382,125.0,133.0,67.0,115.8046118195568,132.29796550432238,67.31494747942887,17.312553886092527,3.5495292726097536,8.794327987842047,0.0015324252393742357,5.144707591035483e-07,1.4255296053638827e-09,1.8443989503294798e-10,5.399127541175469e-20,5.689118284486296e-14,7.764746328890633e-20,66.0,215219.0,0.5,6.0,2.0,13816.855899095535,3.0,,,
100,12.0,94.0,63.0,16.597810122153312,101.81860694470612,83.2062091716875,11.400126966648234,21.255525701706475,30.24878345386372,76.0,119.0,91.0,86.54987254068894,125.61950704198276,88.52488916999575,21.86417823247942,6.889778893008752,10.753845213130072,0.0017123124929163342,9.086995769499627e-08,1.0686799660282052e-10,3.767704167917125e-10,5.117723554670628e-20,1.7135178218831088e-14,-5.564803793521851e-20,51.0,2306.5,0.5,7.0,2.0,21241.17007613182,3.0,,,
101,6.0,64.0,37.0,12.395051446350235,73.97500275114173,47.01226383949339,12.763176409925892,17.20619988252318,17.51009680467394,49.0,118.0,102.0,58.91815540949494,119.55166706683274,101.74724510671929,16.10838769498245,2.73003358983973,6.283800958044478,0.0019348373961324697,1.2585423903133797e-06,4.4606090122261245e-09,1.6297532858520555e-09,4.235394732047715e-18,1.7638637358806165e-12,-1.1706537365589522e-18,26.0,2400.0,0.5,5.0,2.0,31696.221080183983,3.0,,,
102,8.0,74.0,46.0,14.874582294651871,90.23766818065877,74.34150346060441,14.327203201852498,21.450982471869672,31.04159740029879,60.0,119.0,102.0,76.88212403303488,126.1772442485805,93.00983630451604,22.396849284150598,6.909505245815418,11.447509656635887,0.0018600320862652664,1.0706809755119096e-07,7.330439115191706e-10,9.453849581476364e-10,-4.616022749039463e-19,1.2178782965964676e-13,6.374180250909996e-19,25.0,1125.5,1.0,6.0,2.0,21437.915771245956,3.0,,,
103,7.0,74.0,45.0,17.01318099404265,96.65455739086474,65.7624032697814,12.571269639957618,21.45964744719481,21.543011563342475,59.0,117.0,90.0,78.32284258556867,119.02479866593613,93.40052650126982,20.0201429182147,2.8637166941772563,6.724248114133911,0.001099200419466182,1.4769758400882411e-08,2.5036571030653597e-10,6.158721469275846e-11,-4.1939500083908164e-21,-3.7745000205052466e-15,-6.395002628520282e-21,35.0,14642.0,2.5,9.0,2.0,26757.806505680084,3.0,,,
104,11.0,89.0,44.0,15.837177278405887,84.16947576336294,57.4886628803574,10.202596206536937,15.788457918475277,18.447234400267053,58.0,117.0,103.0,68.42692713898954,120.2120437035214,98.32274807543126,15.287013148186109,3.285465477595184,6.537802774941548,0.001998090648763473,6.687657539564731e-08,8.889052184759634e-10,9.607415932591667e-11,-2.793687457652991e-20,-1.5234041944846004e-14,2.7931107445711848e-21,21.0,384269.0,9.5,1.0,11.899494767189026,6033.445197820663,3.0,,,
105,13.0,142.0,139.0,22.289610693144315,137.82670586196753,136.23825249134626,10.291193942560106,9.960276170044287,13.3370144443834,125.0,135.0,70.0,124.18164362364452,136.60675615230556,70.49714900527484,9.968245643470818,3.7159551312835073,5.324285276410936,0.002284751825381853,9.914129621090853e-07,3.02280567225173e-09,1.208932863732901e-09,-8.329977575195567e-19,1.190744755149708e-12,-2.1557002169111587e-18,107.0,3783.0,0.5,21.0,2.0,6794.813602805138,3.0,,,
106,5.0,133.0,121.0,12.06403843452561,144.8740992728544,138.03934165252883,9.487098511914004,19.38520004899191,28.44200319034165,111.0,135.0,66.0,127.68840868583871,135.39255271991482,62.74069429122669,20.1450441020908,6.618750895681606,10.019348090468098,0.0012112791374201458,2.252942542510058e-07,6.231415994978421e-10,1.2565533699205234e-10,2.610458931822898e-20,1.734729622607367e-14,2.3555607044581927e-20,132.0,7265.0,0.5,29.0,2.0,12022.323063373566,3.0,,,
107,8.0,79.0,50.0,11.814260448197354,91.94708514702931,75.54427562654291,9.927413045257769,23.06514325179369,32.1926133892005,62.0,119.0,100.0,77.90772176522414,126.31912035381247,90.70169644181198,23.436558615945735,7.145840384282079,11.592589571661842,0.001892153944531738,1.4670207140406357e-07,7.605715351706334e-10,9.259387714050991e-10,-4.0811075760588535e-19,6.037803646357916e-14,6.612389465648497e-19,50.0,1037.0,0.5,8.0,5.414213538169861,6885.989345908165,3.0,,,
108,8.0,66.0,36.0,17.482982748236402,82.0774287118637,57.868199156795825,14.339089266393762,21.3067577243652,27.84701722634574,51.0,116.0,103.0,67.47509674694875,121.11968670603466,99.79144023150039,21.738471834222864,5.812877020803964,7.945205434174343,0.0020716112024721,1.8242663023740452e-07,1.177835231020717e-09,4.709487933073164e-10,-2.0170492464181285e-19,-1.6431614859500558e-13,2.869557257533387e-19,23.0,2301.0,1.5,3.0,2.0,26775.26410448551,3.0,,,
109,11.0,105.0,69.0,16.682499827139036,106.48019329697152,74.99644245356819,10.564358297247354,16.386623538600375,19.15884035780666,82.0,117.0,89.0,86.80415462853874,119.55528861906008,88.43020597344223,15.852473062481392,3.457340634145719,7.080083696249607,0.0014493660863115804,5.281847761289641e-07,4.5093404620725815e-10,1.4214172488502375e-10,-1.2876909884964777e-20,1.3773737738775319e-14,3.3603705933019346e-20,10.0,2214423.5,7.0,2.0,9.656854152679443,16777.271119952202,3.0,,,
110,6.0,110.0,73.0,11.31745148438849,113.22653621213654,83.1453030374875,11.705308443743188,14.510122726604095,19.49140645051792,89.0,117.0,80.0,92.60125897687551,121.24081243015998,82.14173957465692,14.86607385400239,4.189026176439655,6.77805467479662,0.001964702744002245,2.8219377731510314e-07,1.3763138534081923e-09,4.2626587340506596e-10,2.189996615530512e-19,1.1202055496549746e-13,-2.421562139468229e-19,25.0,277273.5,0.5,3.0,2.0,11105.859746694565,3.0,,,
111,8.0,56.0,35.0,14.405544669547824,73.1631094063604,55.18732336201461,10.599354337322595,21.962000831105183,23.163986797210686,44.0,120.0,106.0,61.075032162346346,123.78886800437103,101.65694630205245,19.97475105701366,5.059710261139936,9.24266858258274,0.0017605987553833261,9.224000064099665e-08,8.892035764259449e-10,7.367339505392629e-11,1.8856718277362443e-20,2.1571374975436375e-14,2.899022203996096e-23,105.0,318138.5,0.5,27.0,2.0,9889.025385975838,3.0,,,
112,8.0,68.0,37.0,17.31028831488659,82.65586302069487,58.60232607357242,14.010862871780747,21.50094653152397,28.039933791081975,52.0,117.0,103.0,68.01542145325816,121.26129892118041,99.39043806931872,21.860323356030218,5.852416677794996,8.200873879926517,0.002074837909897124,1.7835020596849626e-07,1.2221547173737707e-09,4.753345265965183e-10,-2.251390207078575e-19,-1.5415931406339052e-13,2.8384848894704375e-19,23.0,2252.0,0.5,4.0,2.0,26372.612305402756,3.0,,,
113,8.0,59.0,37.0,15.01824353508332,76.01469932564231,57.44505430390682,10.77363598503847,22.203451725035546,23.609736065654324,46.0,120.0,105.0,63.50169808560442,123.6753704439057,100.63809528785599,20.254891458687243,5.1828635169601,9.312855744240249,0.0017721049843644216,1.125171459953642e-07,9.385641409180761e-10,8.254796167513602e-11,2.2794678521874492e-20,2.734792669949857e-14,2.888035314139674e-21,161.0,308873.0,0.5,49.0,2.0,7276.295042037964,3.0,,,
114,5.0,98.0,68.0,8.8167513520417,100.0179392946904,80.72970704072259,8.221739253138765,19.63636067669248,28.060080968628846,78.0,121.0,86.0,83.84421431984535,125.76249581745358,85.66390588763284,19.988569045113227,6.995095782147863,10.037730522584253,0.0010756572261193705,8.306148545982617e-09,3.441785316391613e-10,8.174066691036425e-11,-8.753571975492546e-21,-6.7449321138152565e-15,1.0552213260871166e-20,50.0,18770.0,0.5,10.0,2.0,15602.16138780117,3.0,,,
115,13.0,114.0,81.0,16.84360550642965,114.73775076616685,88.84051940451234,10.759952002779503,18.61795544634349,25.53712338129091,93.0,118.0,90.0,95.83465147737286,123.0089200134385,83.428988203104,19.135573378524736,5.127543759851219,8.670198734446299,0.0013830083448845764,4.300455139890188e-08,1.9271548453199758e-10,8.814607320277509e-12,1.2621029544556733e-22,-1.8090606029711698e-15,-3.406702924759471e-22,58.0,406813.0,0.5,6.0,2.0,10690.979044914246,3.0,,,
116,7.0,78.0,48.0,11.45013461349972,88.49371143286737,72.35117440112111,9.766779972983162,23.204624495959276,31.919468806060085,59.0,119.0,102.0,74.87631824257957,126.19596430604707,92.2063976343059,23.440836658697457,6.998087179797927,11.526325893333306,0.0018659763206925117,1.3446227492023728e-07,8.146054339326949e-10,9.073622239422375e-10,-3.5649406547610964e-19,8.243091975107926e-14,6.938676673063587e-19,54.0,8882.5,0.5,7.0,2.0,21088.617554187775,3.0,,,
117,14.0,85.0,53.0,21.974743270309773,87.39847929995713,59.82119557981627,13.08161762267869,19.95004928279946,21.4178368141852,67.0,117.0,103.0,71.7015147015147,119.51777100545573,99.94231903098898,19.04841537452578,3.091839752931388,6.795357590703584,0.002073830898762892,5.184951774427269e-07,6.206338329954117e-09,4.074832744986153e-11,1.5238105677615002e-20,2.542073189376492e-14,1.3701038017338912e-20,28.0,396890.0,0.5,2.0,4.0,6366.323612809181,3.0,,,
118,7.0,118.0,59.0,11.029403938029521,109.68444017519398,90.45555688641834,9.605969987780833,22.168973614351348,28.241933009504784,73.0,120.0,91.0,92.69287653402422,126.40400352370506,81.91664950640397,21.488213344449097,6.088801207304787,11.351600264382192,0.001850445537975287,1.0849025271288288e-07,1.567986969304256e-09,1.4589170701961828e-10,6.972590907131875e-20,2.906559107344946e-14,2.6899542450955257e-21,85.0,630395.5,0.5,13.0,2.0,17109.3740619421,3.0,,,
119,9.0,98.0,110.0,12.589627140720589,94.43452989876693,95.81351560856547,8.386385402467056,21.50579014070144,23.016970149026047,89.0,138.0,84.0,85.51743122174162,135.3485581564228,86.8485019638581,19.17673107593125,5.905528370337346,9.904541093856968,0.003431120521369727,3.2575692637649863e-06,1.3628175556618504e-08,5.181264554029881e-09,3.8212315193145966e-17,9.311386474032754e-12,2.0866519771459956e-17,143.0,5391.5,0.5,23.0,2.0,7426.771427154541,3.0,,,
120,5.0,108.0,72.0,11.325858826804511,111.1637668383365,80.93468358437886,11.754836438726862,14.557647885510608,19.33806376574122,86.0,117.0,82.0,90.73117613398071,120.99927947794903,83.20353201364989,14.852373833099094,4.108088685672479,6.777545445993767,0.0019478057847817996,3.1129976815320316e-07,1.1800817859083547e-09,4.0115192365787205e-10,1.895766213372315e-19,1.0051632958753876e-13,-2.0059988680422628e-19,22.0,272219.0,0.5,4.0,2.0,10903.031319975853,3.0,,,
121,8.0,106.0,110.0,11.443072761836715,95.86051493384707,98.22440832365811,8.079292250733655,20.851458435666153,22.478747326739565,96.0,138.0,80.0,86.94671021574656,136.05355516145906,85.39931614335472,18.666894715192512,5.811782005101508,9.482129358119035,0.003457961977961246,3.8983939637006615e-06,1.212120041573285e-08,3.719301961057861e-09,2.1946516824449192e-17,7.341033113000826e-12,1.1915730609242389e-17,230.0,3300.0,0.5,43.0,2.0,7281.842494010925,3.0,,,
122,9.0,110.0,89.0,12.59201261300207,111.37976884639346,95.30036440387035,9.679018713250457,18.797606307352297,26.009404019070807,93.0,126.0,79.0,95.3094640745591,127.98964004628156,81.32725196760289,19.058034655644278,5.967674366176089,9.26452169992696,0.0012731751176523849,4.450129957009429e-08,1.0778256727804174e-10,9.387529978734928e-11,4.637814916562351e-21,6.2332955608959004e-15,8.225408201317793e-21,67.0,10447.0,0.5,4.0,2.0,12412.62336909771,3.0,,,
123,23.0,145.0,153.0,21.87246932866542,137.96106127142923,143.74621181666913,10.242639777599836,15.172449313729427,20.4318085845667,136.0,141.0,66.0,126.46094169011648,140.3327545937034,68.98926210697185,15.604420312186516,4.253550739917785,6.586055202283443,0.0017714627077410113,1.917083467698292e-07,1.8076580153963298e-09,8.310737404153895e-11,2.1627542299680878e-20,1.2652693782322324e-14,-2.3871768514169792e-20,334.0,2968.5,0.5,66.0,2.0,6377.52375292778,3.0,,,
124,14.0,83.0,51.0,21.104305943158465,85.87325469619607,58.64134252237028,12.849476167693416,20.04070041064655,21.433405914447608,66.0,117.0,104.0,70.35746788611915,119.64381768710253,100.20819160276369,19.07401835215892,3.078411320814232,6.908439984009475,0.0020683589425369167,5.098310528991379e-07,6.175252617713491e-09,3.8736096996962e-11,1.571204912757195e-20,2.5157261837414932e-14,1.0585620136038642e-20,25.0,398662.0,0.5,0.0,9.656854152679443,4428.532296776772,3.0,,,
125,43.0,138.0,142.0,33.39342613453492,115.99545381396847,124.80214032829096,13.850684976755824,40.62915967973022,36.836544349369895,129.0,138.0,79.0,109.2135500482781,139.128097843579,85.23338429353075,36.055206166516335,2.6064567310396836,15.069778074181079,0.09188009167052594,0.007356141864284696,0.0006895672477354349,0.0006936559885401771,4.796688378933651e-07,5.6997409718768885e-05,8.171984655739023e-09,32.0,1139.0,3.0,5.0,15.899494767189026,900.0731551647186,3.0,,,
126,6.0,110.0,79.0,10.815744277972502,114.8382444684879,97.49122617427444,9.301916916813832,19.077511221671454,27.66603323481824,89.0,120.0,80.0,97.79520607307094,127.78380787093347,78.92123297255243,19.557826600379137,7.222220052597414,9.037970138207811,0.0015581088065968075,4.1956545278193056e-08,6.207749223217226e-11,6.253694321769429e-11,-1.3613499749933425e-21,4.715563513874506e-15,-3.6509252240418995e-21,119.0,2774.5,0.5,24.0,2.0,16038.113161444664,3.0,,,
127,37.0,153.0,146.0,42.708321607372994,149.69410613545543,145.1387372331352,12.516097729652484,13.303937968648324,11.98519733307454,139.0,134.0,77.0,136.15927101328174,134.4785995811848,75.27189218755187,12.062521397136024,1.3434085008464631,6.251692917067823,0.0030656831099221196,7.790959468557811e-06,5.5446480250317116e-11,8.915383061054475e-10,1.5389603995096781e-19,2.4800244529403544e-12,1.2492834935133886e-19,217.0,7771.5,0.5,37.0,2.0,7646.095240712166,3.0,,,
128,11.0,66.0,38.0,15.181900789806905,75.41288438939515,53.722891191269305,10.322279344787765,17.191749446767826,21.900324666843357,52.0,118.0,104.0,62.08115486106261,122.07911885364128,101.53974010160299,16.85575989629273,5.149920782618465,7.766959700518042,0.0022612419116284804,8.590394821656765e-07,3.7411854841410515e-09,8.844699957958953e-10,1.25509233649474e-18,3.7548799237470313e-13,-1.006630581773184e-18,122.0,1289.0,0.5,32.0,2.0,11196.377221107483,3.0,,,
129,6.0,132.0,129.0,9.098781516959566,128.19313361161647,121.85039421510132,7.383461526599982,13.879664620311663,17.03290703982657,115.0,136.0,65.0,112.7141690130296,134.51728702673938,69.52289826698635,13.285476530719999,3.7627916528733025,6.831644868690864,0.0016663445911981472,2.1054354433080853e-07,1.886700016049664e-09,3.7083594185870295e-10,3.008129184919504e-19,8.054546032323989e-14,7.568231547910261e-20,45.0,133773.0,0.5,6.0,3.414213538169861,10004.985508322716,3.0,,,
130,7.0,119.0,94.0,12.044698050930075,120.21007011166218,103.31209173186699,10.05807807881694,16.000810903977975,24.23352211104051,98.0,123.0,77.0,102.83915956693232,128.34115055233877,76.76460143519053,16.61581496720599,6.816325455218098,8.332876858912973,0.0017502032923134563,4.7581775556682024e-08,9.388058273142621e-11,3.3454956041937556e-11,-1.8198672543937327e-21,-4.476490708348273e-15,-4.509333318359614e-22,53.0,1602.5,0.5,5.0,5.414213538169861,17999.33540380001,3.0,,,
131,21.0,82.0,48.0,21.29379130465175,80.77536822851283,49.58286488627659,11.297289937696227,13.91592290084138,16.04129688704936,65.0,115.0,104.0,64.66497685920083,117.19071790360961,103.53461435399451,13.816139281245132,2.6875744272576663,4.442476665223931,0.00182643432660724,5.582263598746004e-07,1.5134380806929576e-09,1.3522686428812917e-10,4.725126016687564e-20,9.96944878051528e-14,3.885547046963084e-20,28.0,659354.5,0.5,5.0,5.414213538169861,8549.005177021027,3.0,,,
132,4.0,113.0,95.0,7.730782473564336,122.0528664183442,108.77784406257038,8.014511803024831,17.80032686138823,22.160480079005175,96.0,129.0,75.0,105.05246073086349,130.6612982122132,73.07800676718632,17.366291181249245,4.033896131906672,8.57799852422574,0.0017536427352816768,8.476688854111246e-08,2.8609892684820763e-10,2.1825441211645435e-10,-5.3055700075658165e-20,-5.906420027815956e-15,-1.2630655364611183e-20,53.0,477978.5,0.5,4.0,2.8284270763397217,11442.645998477936,3.0,,,
133,5.0,142.0,128.0,11.226845265287476,149.08512403286272,145.26499307504332,8.813265188745365,16.763477971767013,23.63286029212632,118.0,136.0,66.0,132.22593958247225,137.31007708093136,59.706568194507895,17.22810050137357,5.357864780182631,8.02960154276824,0.0011311952411914893,1.347022108955582e-07,2.606163586004801e-10,7.689681175356823e-11,9.26456980880035e-22,-8.45182863473872e-15,1.0846379513108702e-20,52.0,4800.5,0.5,7.0,2.0,12851.485730171204,3.0,,,
134,6.0,133.0,119.0,12.381996890172196,144.94065530547653,138.2118125421419,9.403743055975935,18.869292470774806,27.560546698111345,113.0,135.0,67.0,127.81470327652738,135.42658280094435,62.849021685177966,19.62075403709075,6.397728229194724,9.482245441875982,0.001238651853811215,2.5289113056921287e-07,7.012653707092221e-10,1.4155758027113155e-10,3.000914564804933e-20,1.86573073109827e-14,3.2994945800336454e-20,169.0,7217.0,0.5,35.0,2.0,14388.723322987556,3.0,,,
135,6.0,114.0,92.0,11.431208319403142,119.82188594253137,100.33592933434217,10.857122847218228,13.28434789795223,16.869662304073955,95.0,125.0,77.0,101.64279266597455,127.06982456757756,77.10176576164417,13.409586223996929,3.2862583014875297,5.673313349578875,0.0016605892809547994,4.5483199090524187e-07,3.007634164623333e-09,1.632872554543458e-10,6.864679499729351e-21,-1.4668944481468597e-15,1.1422418240529924e-19,49.0,408177.0,1.0,4.0,7.656854152679443,4907.914440512657,3.0,,,
136,4.0,113.0,96.0,7.753188478653484,122.34241747193207,108.69925896963264,8.143712413938314,17.568896960132506,22.227149907544934,96.0,129.0,75.0,105.19962824355942,130.50213744437616,73.00747298714678,17.26371691473954,4.128802966026337,8.479652821893296,0.0017261472450307179,8.566603233572604e-08,3.2071998121702527e-10,2.037946984517249e-10,-5.1164872308450355e-20,-6.261061615251346e-15,-9.836079515159698e-21,64.0,474711.0,0.5,11.0,2.0,14004.767922520638,3.0,,,
137,9.0,111.0,93.0,12.72157132349566,113.39494885982114,97.63153397050833,9.637975297574275,16.938354741749652,24.951240847239045,95.0,126.0,79.0,97.20600668916315,128.29929147820258,80.33026542078423,17.706179400440973,5.962721067084875,8.505146759612996,0.0012368517386017845,2.703979917698375e-08,2.0307283114640038e-11,2.8586499736490304e-11,-2.8367078361942794e-22,-2.7612479967677004e-15,6.276305117599394e-22,68.0,161699.0,0.5,11.0,2.0,12780.363477110863,3.0,,,
138,11.0,117.0,134.0,17.163143558226963,115.87949393304967,131.73291911483307,8.037334231909544,20.148884127810913,21.77442333647214,111.0,146.0,72.0,109.3921568627451,143.9723554174827,75.93368001620854,18.334330967482554,3.394948596704529,10.85515000188388,0.016500283479091743,5.508508259418284e-05,5.37687305344335e-07,2.3189978506713043e-06,-2.588868042253775e-12,3.6319920970979897e-09,5.706948157021743e-14,73.0,4026.0,1.0,17.0,37.071067690849304,760.4579310417175,3.0,,,
139,16.0,132.0,129.0,24.851585782656727,137.81714983330818,135.23791160555527,12.86557122149325,14.277371818483283,17.004568736216893,119.0,136.0,71.0,124.1606716255958,135.9109161039571,71.9507890734471,14.484480579482621,2.2919379145847714,5.275378752343537,0.002968227188686931,2.351763586147767e-06,1.7793494589206588e-08,7.347052903448148e-09,8.263734608540536e-17,1.0347173284777631e-11,1.5091532706258716e-17,129.0,262660.0,1.0,18.0,2.0,9417.126434206963,3.0,,,
140,6.0,113.0,93.0,11.278847337158663,119.8321612693882,100.73794609774863,10.751031825809944,13.391018079155186,16.799384062571864,95.0,125.0,77.0,101.74869255034798,127.2809438604537,76.95353119862168,13.445524810773613,3.2472702526351367,5.669498129707274,0.0016650732740006282,4.660982169852546e-07,3.026372929896718e-09,1.7173599541428588e-10,7.752634247269571e-21,-1.30695171358219e-15,1.2356632220467792e-19,42.0,406796.0,1.0,1.0,4.0,4831.287038326263,3.0,,,
141,14.0,126.0,138.0,18.546386544582592,119.33077559797589,122.81008644303549,9.564072118225809,16.070645109141832,21.06241997580173,118.0,142.0,72.0,108.86972104414312,137.95156117999437,77.00938670671661,16.2029712763081,4.397405402734978,7.000158886263827,0.003241785962464964,1.7435231437439087e-06,3.6214590284559876e-09,6.769368935394812e-10,1.6234759909558775e-20,-2.725107718963254e-13,1.059773635911978e-18,115.0,26664.0,0.5,12.0,2.0,6399.715182304382,3.0,,,
142,8.0,114.0,93.0,12.393474478923073,109.56829788385984,91.36101842955148,9.42632520521644,19.418018632438773,25.61377887216694,96.0,121.0,78.0,93.05371333968678,126.79015699005954,82.48778788631903,19.28696028853843,5.674250799310443,9.22901033190262,0.0018227246421923184,5.015720835689644e-08,7.334382950071239e-10,7.646300759561551e-11,1.5610358413641523e-20,2.0639837732494508e-15,-9.175991118962616e-21,65.0,589182.5,0.5,8.0,2.8284270763397217,11526.693561434746,3.0,,,
143,16.0,115.0,137.0,17.015942337736117,103.00997727595512,119.73792785115752,7.152382628037986,28.460999333151776,27.097622810146856,115.0,144.0,75.0,98.24321829285614,143.40139894901293,82.15029825308906,25.29486804064788,2.181665483875615,12.1568490323033,0.04190973061296713,0.0013092301964032413,2.9425808414601276e-05,3.4997619243493374e-05,1.1067143041296706e-09,1.2002673794937045e-06,1.912002815925854e-10,48.0,2164.0,1.0,8.0,4.828427076339722,448.2081501483917,3.0,,,
144,36.0,150.0,143.0,36.800001672606406,149.88565226273778,144.89274052976222,13.799423943021427,13.010173354389932,12.108079994442079,135.0,135.0,75.0,135.51536826611644,134.73369955448933,72.2897599451385,11.84657156212299,1.4629636288201775,7.087858037880709,0.0026785934772713643,5.170036802131508e-06,1.1545323531829232e-09,7.95439599101074e-10,4.327270869401138e-19,1.3674467927307206e-12,6.275478466845418e-19,257.0,3143.0,0.5,35.0,2.0,8386.146974682808,3.0,,,
145,8.0,95.0,60.0,12.335218610098547,90.77406478260266,57.97520062648131,9.98160206563546,16.00147681476253,17.49341991824512,75.0,116.0,90.0,71.9944983644957,117.96070458357012,94.3356352825403,15.020569170798103,2.777345440433463,7.218886762359951,0.0018071033176494278,6.253548144965579e-07,3.451117394751213e-09,3.694412820367135e-10,-4.1601353388347475e-19,-2.8812892919828865e-13,-3.084593943630175e-20,6.0,1255.0,77.5,0.0,26.14213538169861,25037.537603974342,3.0,,,
146,11.0,67.0,39.0,15.356538377407931,76.46591336558163,54.50352669944982,10.326690797805691,17.369160835467007,22.102412074552564,52.0,118.0,104.0,62.956174921870684,122.01148949407626,101.14505145673616,17.006247671060805,5.188416115361028,7.897794479646162,0.002266361809293323,8.69348440653874e-07,3.732970758990764e-09,8.912015017902943e-10,1.3005839366928598e-18,3.9783599855391286e-13,-9.750808138431909e-19,120.0,8780.5,0.5,17.0,2.0,11464.25949394703,3.0,,,
147,11.0,126.0,110.0,17.960080386234452,124.1866720574595,109.14828644136323,11.595740001005153,18.2280386620436,17.63643305423057,106.0,130.0,72.0,107.59269389017052,129.122957642638,77.39842319309344,16.43250205620611,2.547348419439844,7.971191493132954,0.0017602877084190462,1.0566752416535165e-07,1.0405562365904827e-09,3.354739329819356e-10,-1.4461072516574467e-19,-1.0902733585241768e-13,1.3555112573333336e-19,8.0,31616.5,4767.0,0.0,402.01428031921387,1384.5310860872269,4.0,,,
148,33.0,144.0,139.0,39.94400660580761,141.42451488600395,141.02537731088583,10.676215174875994,14.167173984903076,13.439348938078279,128.0,136.0,75.0,129.7365934217166,136.0803339602734,77.31469333455664,13.179427979591255,2.063878716435155,4.314519006429732,0.0014909827289148047,5.423584455752e-08,2.9292625210310664e-11,6.0312692687049e-12,5.266052878828634e-23,1.3966859331825731e-15,-6.044431951801078e-23,44.0,23162.5,0.5,12.0,2.0,2256.052945137024,4.0,,,
149,9.0,119.0,100.0,15.996714879571535,112.99487770321818,96.15759236481964,11.706584155040558,18.298873320688905,18.6486005886195,102.0,128.0,76.0,96.9019601737533,127.46494574102043,82.34355197807845,16.761461040351723,2.5872145759986833,8.527589737590219,0.00152134659198338,5.3767180471621644e-08,4.1455673647640117e-10,4.867176725213207e-12,-1.5716896021325613e-22,1.1284884645970648e-15,-1.5197543921601694e-22,9.0,16911.5,121.5,0.0,321.3380935192108,1795.055031299591,4.0,,,
150,24.0,174.0,141.0,36.58260670984886,150.10332585949178,142.71404251785418,16.989563526092226,22.062279143440694,22.059465588277,136.0,133.0,69.0,134.95928832419864,133.55896030559708,72.4810455073908,20.837147216624924,2.0064593868642437,7.9643793304732675,0.0027994327534133835,1.5503616497448214e-06,3.950542110418996e-09,3.8931908726473616e-10,-2.293944591069135e-19,-4.696706488353739e-13,-4.2484714429283056e-19,18.0,16379.5,0.5,2.0,2.0,1035.9280591011047,4.0,,,
151,16.0,131.0,124.0,22.819735901287693,130.1171060658738,129.00398181615424,10.490318099437246,17.332336269585547,18.095844605836056,116.0,136.0,72.0,117.54970710363872,136.19226202580637,74.54026750982334,16.345541161144304,2.456872671646849,6.198087116899954,0.0012982798380865909,2.478152657132528e-07,4.055357140959376e-11,5.757152217029038e-12,8.333538499556342e-23,4.210788948125954e-16,2.8171486515674575e-23,40.0,38740.5,0.5,8.0,2.0,3018.584032177925,4.0,,,
152,31.0,117.0,119.0,29.41616925002407,119.11095600269567,122.19935977664387,9.42167732914208,14.197604615492029,15.798533717934484,107.0,139.0,78.0,109.82894483488977,136.8723163569847,82.64166746895157,13.6474995346482,2.5656567478606225,5.526277288382253,0.0030963620259564497,1.20432614936312e-07,4.730927597746025e-09,3.698036898916854e-10,-4.421127381983666e-19,-6.382554842000624e-14,2.092624565146481e-19,25.0,20975.5,1.0,3.0,2.0,1180.315796136856,4.0,,,
153,11.0,136.0,127.0,18.75163227996866,134.77542439279185,129.79531209193001,11.22780451503325,15.337222574530886,15.568319898054849,119.0,134.0,66.0,120.07470618960565,134.98136589187777,70.82535910159311,14.286059883598735,1.913943861871665,6.585960867738326,0.0014972092344082374,4.2023338135912575e-07,2.488702762187181e-10,3.4316173035396756e-11,1.5954285114476084e-21,1.5475992324787322e-14,-2.74073602495268e-21,12.0,29793.0,287.0,0.0,67.94112598896027,1152.9747376441956,4.0,,,
154,23.0,146.0,143.0,31.265635336143188,141.69088434859853,141.78298588141902,11.3206961256708,16.322770182441396,17.433084614234907,130.0,139.0,69.0,129.14376571093766,137.0490842767771,72.7695477139995,15.61116522173806,2.418161046544225,6.144797034523737,0.0022164834671565994,1.6658218893661597e-07,6.124319515253324e-11,3.8643846503039956e-10,1.1996881680688948e-20,-4.7164301054647664e-14,-5.822660907632732e-20,47.0,24640.0,0.5,2.0,2.0,2287.0651372671127,4.0,,,
155,22.0,121.0,134.0,23.57308894878706,116.99895417789757,126.09093261455526,7.870219572462569,18.825269161796157,17.676764432479928,113.0,142.0,74.0,109.0437628032345,140.13084636118597,79.76336388140162,16.748669293170302,2.4097243437895646,7.435320609476275,0.002384990185370897,1.0741826874915087e-07,4.5935866391264356e-11,4.683937585349358e-10,-1.8295002945857786e-20,-1.1780917316551208e-13,-6.622508981334616e-20,70.0,7890.0,0.5,13.0,2.0,2506.5251549482346,4.0,,,
156,23.0,147.0,153.0,27.268470521219026,138.13677015095413,140.07302762745655,13.145418727428366,21.959314305201623,24.177682225088624,137.0,140.0,67.0,126.08396468242665,137.98598689831957,72.24391911136428,21.025107715116462,3.4414875667362477,8.293510409762607,0.010092081981263237,1.108128413041523e-05,1.875367206735713e-07,2.2205786318159547e-07,3.5305594559820715e-14,-6.359237539520359e-10,-2.840718369332098e-14,9.0,4744.5,2.0,2.0,5.656854152679443,952.6315929889679,4.0,,,
157,9.0,136.0,117.0,15.653391014200356,137.6074144486692,131.09860712345775,9.693634927417632,21.195449404706654,24.61517735533908,117.0,133.0,65.0,121.75789555365873,134.66322650733298,68.11612477690696,20.01393677938265,4.242301423267483,10.466766938997964,0.0016276391215476489,1.1827437122625276e-07,5.584901307386722e-10,2.0821706865120768e-10,-6.81546103189277e-20,-6.716839985492771e-14,-1.991240400123884e-20,17.0,19043.0,0.5,1.0,11.071067690849304,882.2741658687592,4.0,,,
158,16.0,149.0,152.0,27.596619323864772,151.42305961192238,154.92733546709343,11.08435786011752,14.893223055445217,15.25619615847686,136.0,139.0,59.0,138.37127425485096,139.82819063812764,65.46514302860572,13.910939430670012,1.8953709222860788,6.549325458956839,0.003104173952845052,1.0251999686939566e-08,2.1682312568571007e-08,5.469592831788114e-09,5.890349826689296e-17,-8.864231956181965e-14,-8.847120947707274e-18,17.0,1020.5,37.5,4.0,41.071067690849304,2113.9869285821915,4.0,,,
159,13.0,23.0,107.0,24.811111111111114,55.86666666666667,65.82222222222222,14.007850532583856,37.168744336546474,33.13761802536601,24.0,133.0,123.0,55.27777777777778,135.54444444444445,110.78888888888889,33.14682078865275,2.708673767777488,11.663327564487888,7.918110831383312,62.67830383168913,49.16745891088907,49.143547164547066,2415.675710472905,389.06747083040796,-0.0044835106552909565,0.0,0.0,0.0,0.0,0.0,0.0,4.0,,,
160,12.0,134.0,117.0,23.47085622403859,135.3048907945866,129.73131448479162,12.672782327861093,21.675058951604832,21.862497807245752,118.0,134.0,69.0,120.88278172316762,134.33930054937693,73.02004555808657,19.972270262845797,1.9938745520832686,9.445132720950747,0.0036944512769066865,3.72705148369403e-06,1.4484956077856113e-07,1.944093252550238e-07,3.261820282342769e-14,3.364732842289558e-10,6.030139351637797e-16,6.0,20525.0,47.0,0.0,123.11269783973694,1276.5483330488205,4.0,,,
161,14.0,109.0,125.0,15.484116479152878,99.27211559673505,114.3788881535407,3.8610348615602783,29.722315285009078,31.539818482704856,103.0,143.0,78.0,94.27741010368409,142.3962056033532,83.53143613500993,26.96861366983077,3.5226541349532194,14.842468405778025,0.025976877189979198,0.0004968892914316748,7.355430782975773e-05,6.997171351607332e-05,5.019769192052082e-09,1.552022226141282e-06,-2.1736792668990208e-11,14.0,1747.0,1.0,4.0,7.656854152679443,491.279217839241,4.0,,,
162,0.0,0.0,0.0,0.0,0.0,0.0,0.0,0.0,0.0,0.0,0.0,0.0,0.0,0.0,0.0,0.0,0.0,0.0,0.0,0.0,0.0,0.0,0.0,0.0,0.0,0.0,0.0,0.0,0.0,0.0,0.0,4.0,,,
163,22.0,135.0,137.0,26.8051306469853,117.23534313433724,121.60270222010595,11.153041458457627,20.361037256954436,21.658117310444155,115.0,139.0,75.0,108.24819951193382,137.55603833105172,82.03589072079043,18.869708249293083,3.5671514357527907,9.232383872180447,0.019515875608797705,3.4160456864177076e-05,1.088740040492524e-06,1.2072951417742617e-06,1.2060358468932514e-12,7.004468217724024e-09,-6.792208734637278e-13,21.0,2232.0,0.5,1.0,2.0,943.6854107379913,4.0,,,
164,26.0,143.0,128.0,32.02184399745153,137.4639877430903,125.93929189041594,12.209760531937434,15.358791095837653,16.27166568752619,128.0,130.0,72.0,122.01017869603471,130.79013076059584,77.19260641364036,14.568289819465141,2.2555664823816293,6.607758466927557,0.002212525014629871,4.0463434865006437e-07,1.8426209618982047e-09,3.967333289419227e-11,-1.0702720327737394e-20,-1.647581429378197e-14,7.168101578487822e-22,10.0,19387.0,4896.0,0.0,467.95540475845337,1092.6559751033783,4.0,,,
165,33.0,144.0,139.0,39.94400660580761,141.42451488600395,141.02537731088583,10.676215174875994,14.167173984903076,13.439348938078279,128.0,136.0,75.0,129.7365934217166,136.0803339602734,77.31469333455664,13.179427979591255,2.063878716435155,4.314519006429732,0.0014909827289148047,5.423584455752e-08,2.9292625210310664e-11,6.0312692687049e-12,5.266052878828634e-23,1.3966859331825731e-15,-6.044431951801078e-23,44.0,23162.5,0.5,12.0,2.0,2256.052945137024,4.0,,,
